<?xml version="1.0" encoding="UTF-8"?>
<project-private xmlns="http://www.netbeans.org/ns/project-private/1">
    <editor-bookmarks xmlns="http://www.netbeans.org/ns/editor-bookmarks/2" lastBookmarkId="0"/>
    <open-files xmlns="http://www.netbeans.org/ns/projectui-open-files/2">
        <group>
            <file>file:/C:/Users/etien/MPLABXProjects/TP_02.X/LCD.h</file>
            <file>file:/C:/Users/etien/MPLABXProjects/TP_02.X/clav.c</file>
            <file>file:/C:/Users/etien/MPLABXProjects/TP_02.X/Configuration.c</file>
            <file>file:/C:/Users/etien/MPLABXProjects/TP_02.X/fonction.h</file>
            <file>file:/C:/Users/etien/MPLABXProjects/TP_02.X/clav.h</file>
            <file>file:/C:/Users/etien/MPLABXProjects/TP_02.X/main.c</file>
            <file>file:/C:/Users/etien/MPLABXProjects/TP_02.X/fonction.c</file>
            <file>file:/C:/Users/etien/MPLABXProjects/TP_02.X/liaisonUSB.c</file>
            <file>file:/C:/Users/etien/MPLABXProjects/TP_02.X/nbproject/Makefile-default.mk</file>
            <file>file:/C:/Users/etien/MPLABXProjects/TP_02.X/Makefile</file>
            <file>file:/C:/Users/etien/MPLABXProjects/TP_02.X/LCD.c</file>
            <file>file:/C:/Users/etien/MPLABXProjects/TP_02.X/liaisonUSB.h</file>
        </group>
    </open-files>
</project-private>
